{
  "mean_predicted_value": [
    0.00039825644942106676,
    0.0014732380611724035,
    0.004159343120584931,
    0.010308165026844186,
    0.03014259332779382,
    0.11416699765122627,
    0.46423529614618675,
    0.9296774798759483,
    0.9914888636102561,
    0.998825876552051
  ],
  "fraction_of_positives": [
    0.0,
    0.013333333333333334,
    0.013333333333333334,
    0.0,
    0.09333333333333334,
    0.22666666666666666,
    0.49333333333333335,
    0.9733333333333334,
    0.9866666666666667,
    1.0
  ]
}