{
  "graph_raw": {
    "auc": 0.9762610828145633,
    "pr_auc": 0.969296043701478,
    "f1": 0.9090909090909091,
    "precision": 0.9433962264150944,
    "recall": 0.8771929824561403,
    "brier": 0.07722701132297516,
    "threshold": 0.5039830207824707
  },
  "graph_calibrated": {
    "auc": 0.9762610828145633,
    "pr_auc": 0.969296043701478,
    "f1": 0.9090909090909091,
    "precision": 0.9433962264150944,
    "recall": 0.8771929824561403,
    "brier": 0.0530736074503285,
    "threshold": 0.40127671312854823
  },
  "edge_classifier": {
    "auc": NaN,
    "pr_auc": 0.5,
    "f1": 0.0,
    "precision": 0.0,
    "recall": 0.0,
    "brier": 0.002432448323816061,
    "threshold": 0.010078191757202148
  },
  "tabular_baseline": {
    "auc": 0.9733106960950764,
    "pr_auc": 0.9704978582725431,
    "f1": 0.9104204753199269,
    "precision": 0.950381679389313,
    "recall": 0.8736842105263158,
    "brier": 0.05218941103271268,
    "threshold": 0.5743016423261508
  },
  "ablation": {
    "delta_f1": -0.001329566229017809,
    "delta_pr_auc": -0.0012018145710650519,
    "graph_weak": true
  }
}